osm_id,feat_type,key,value,commentary
7980051,way,name,Largo Maria Callas,most sidewalks don't have an actual name
23650775,way,name,Via Privata Chiari,most sidewalks don't have an actual name
24971164,way,name,Vicolo Santa Caterina,most sidewalks don't have an actual name
30849924,way,name,Ponte Enrico Molteni,most sidewalks don't have an actual name
35361602,way,name,Piazza della Vetra,most sidewalks don't have an actual name
42882787,way,name,Piazza Eleonora Duse,most sidewalks don't have an actual name
45178843,way,name,Passaggio Duomo,most sidewalks don't have an actual name
45178844,way,name,Passaggio Duomo,most sidewalks don't have an actual name
45178846,way,name,Passaggio Duomo,most sidewalks don't have an actual name
45178854,way,name,Passaggio degli Osii,most sidewalks don't have an actual name
47431540,way,name,Piazza Giuseppe Pasolini,most sidewalks don't have an actual name
65411873,way,name,Bonola,most sidewalks don't have an actual name
77791560,way,name,Via Passo Tre Croci,most sidewalks don't have an actual name
134765959,way,name,Via Ripamonti - Via Val di Sole,most sidewalks don't have an actual name
134765971,way,name,Via Larga,most sidewalks don't have an actual name
134765978,way,name,Via Ripamonti - Via Val di Sole,most sidewalks don't have an actual name
136292211,way,name,Niguarda Nord,most sidewalks don't have an actual name
136292491,way,name,Ospedale Maggiore (Niguarda),most sidewalks don't have an actual name
136292495,way,name,Girola,most sidewalks don't have an actual name
136292498,way,name,Girola,most sidewalks don't have an actual name
136292541,way,name,Maciachini M3,most sidewalks don't have an actual name
136292543,way,name,Valassina,most sidewalks don't have an actual name
136292545,way,name,Maciachini M3,most sidewalks don't have an actual name
136292546,way,name,Nizza,most sidewalks don't have an actual name
136292570,way,name,Via Farini V.le Stelvio,most sidewalks don't have an actual name
136292573,way,name,Via Farini - Viale Stelvio,most sidewalks don't have an actual name
136293243,way,name,Bignami M5,most sidewalks don't have an actual name
136293669,way,name,Via Pulci - Viale Sarca,most sidewalks don't have an actual name
136294419,way,name,Parmenide,most sidewalks don't have an actual name
136294420,way,name,Precotto M1,most sidewalks don't have an actual name
136294443,way,name,Tremelloni-Anassagora,most sidewalks don't have an actual name
136992459,way,name,Corso Colombo - Piazzale Cantore,most sidewalks don't have an actual name
137206432,way,name,Piazza Abbiategrasso M2,most sidewalks don't have an actual name
137206434,way,name,Piazza Abbiategrasso M2,most sidewalks don't have an actual name
137207549,way,name,Via Curiel Via Maggi (Rozzano),most sidewalks don't have an actual name
137207550,way,name,Via Curiel Via Maggi (Rozzano),most sidewalks don't have an actual name
137207941,way,name,Gratosoglio,most sidewalks don't have an actual name
137207943,way,name,Gratosoglio,most sidewalks don't have an actual name
137207945,way,name,Via dei Missaglia - Via Baroni,most sidewalks don't have an actual name
137207946,way,name,Gratosoglio,most sidewalks don't have an actual name
137208456,way,name,Via dei Missaglia (Scuola Santarosa),most sidewalks don't have an actual name
137208459,way,name,Via dei Missaglia (Scuola Santarosa),most sidewalks don't have an actual name
137208711,way,name,Via dei Missaglia - Via Saponaro,most sidewalks don't have an actual name
137208712,way,name,Via dei Missaglia - Via Feraboli,most sidewalks don't have an actual name
137208713,way,name,Via dei Missaglia - Via Saponaro,most sidewalks don't have an actual name
137208714,way,name,Via dei Missaglia - Via Feraboli,most sidewalks don't have an actual name
137208735,way,name,Via dei Missaglia - Via De Ruggiero,most sidewalks don't have an actual name
137208736,way,name,Via dei Missaglia - Via De Ruggiero,most sidewalks don't have an actual name
137209406,way,name,Via dei Missaglia - Sant'Abbondio,most sidewalks don't have an actual name
137209409,way,name,Via dei Missaglia (Isola Anita),most sidewalks don't have an actual name
137209410,way,name,Via dei Missaglia - Via Boifava,most sidewalks don't have an actual name
137209412,way,name,Via dei Missaglia - Via Boifava,most sidewalks don't have an actual name
137209415,way,name,Via dei Missaglia (Isola Anita),most sidewalks don't have an actual name
138137353,way,name,Ponale M5,most sidewalks don't have an actual name
138137357,way,name,Ponale M5,most sidewalks don't have an actual name
138137755,way,name,Ca' Granda M5,most sidewalks don't have an actual name
138137756,way,name,Ca' Granda M5,most sidewalks don't have an actual name
138300683,way,name,Castelbarco,most sidewalks don't have an actual name
138302220,way,name,Giovanni da Cermenate,most sidewalks don't have an actual name
138302221,way,name,Volvinio,most sidewalks don't have an actual name
138302222,way,name,Giovanni da Cermenate,most sidewalks don't have an actual name
140608176,way,name,Certosa,most sidewalks don't have an actual name
144391227,way,name,Via Iseo,most sidewalks don't have an actual name
144908106,way,name,Bausan,most sidewalks don't have an actual name
144908107,way,name,Bausan,most sidewalks don't have an actual name
145240632,way,name,Via Vincenzo da Seregno,most sidewalks don't have an actual name
149762814,way,name,Via Marziale,most sidewalks don't have an actual name
160174098,way,name,Piazza Aspromonte,most sidewalks don't have an actual name
160615596,way,name,Piazza San Marco,most sidewalks don't have an actual name
162729526,way,name,Turati M3,most sidewalks don't have an actual name
165419179,way,name,Galleria Ciro Fontana,most sidewalks don't have an actual name
168734360,way,name,Via Alberico Albricci,most sidewalks don't have an actual name
172812602,way,name,Stazione Lambrate M2,most sidewalks don't have an actual name
221328369,way,name,P.le Principessa Clotilde (Osp. Fatebenefratelli),most sidewalks don't have an actual name
221328370,way,name,P.le Principessa Clotilde (Ospedale Fatebenefratelli),most sidewalks don't have an actual name
221328705,way,name,Repubblica M3,most sidewalks don't have an actual name
221329287,way,name,Viale Piave,most sidewalks don't have an actual name
222857317,way,name,Galleria Unione,most sidewalks don't have an actual name
233634302,way,name,Passaggio Duomo,most sidewalks don't have an actual name
236828462,way,name,Piazza Duca d'Aosta,most sidewalks don't have an actual name
238285757,way,name,Zara M3 M5,most sidewalks don't have an actual name
238285759,way,name,Zara M3 M5,most sidewalks don't have an actual name
239553209,way,name,Piazzale Ferdinando Martini,most sidewalks don't have an actual name
239553210,way,name,Piazzale Ferdinando Martini,most sidewalks don't have an actual name
240870810,way,name,Via Cusani,most sidewalks don't have an actual name
242097270,way,name,Marche M5,most sidewalks don't have an actual name
242098170,way,name,Ca' Granda M5,most sidewalks don't have an actual name
243564538,way,name,Medeghino,most sidewalks don't have an actual name
243564540,way,name,Medeghino,most sidewalks don't have an actual name
244136156,way,name,Via Mac Mahon - Viale Monte Ceneri,most sidewalks don't have an actual name
244137561,way,name,Piazza Castelli,most sidewalks don't have an actual name
245953114,way,name,Caiazzo M2,most sidewalks don't have an actual name
245953116,way,name,Caiazzo M2,most sidewalks don't have an actual name
246516158,way,name,Via Farini - Viale Stelvio,most sidewalks don't have an actual name
246921211,way,name,Viale Vittorio Veneto,most sidewalks don't have an actual name
246921275,way,name,Viale Vittorio Veneto,most sidewalks don't have an actual name
247467422,way,name,Viale Espinasse - Via Palizzi,most sidewalks don't have an actual name
247467424,way,name,Viale Espinasse - Via Palizzi,most sidewalks don't have an actual name
247467539,way,name,Via Console Marcello - Via Monte Altissimo,most sidewalks don't have an actual name
247467605,way,name,Via Console Marcello (Villapizzone),most sidewalks don't have an actual name
247469559,way,name,Piazza Castelli,most sidewalks don't have an actual name
248070518,way,name,Stazione Lambrate M2,most sidewalks don't have an actual name
248094182,way,name,Via Settembrini,most sidewalks don't have an actual name
248094364,way,name,Via Settembrini,most sidewalks don't have an actual name
248095777,way,name,Via Vitruvio,most sidewalks don't have an actual name
248095778,way,name,Via Vitruvio,most sidewalks don't have an actual name
248187850,way,name,V.le Lunigiana,most sidewalks don't have an actual name
248199606,way,name,Piazza Luigi di Savoia,most sidewalks don't have an actual name
248199921,way,name,Piazza Luigi di Savoia,most sidewalks don't have an actual name
248199922,way,name,Caiazzo M2,most sidewalks don't have an actual name
248199923,way,name,Caiazzo M2,most sidewalks don't have an actual name
248204449,way,name,Viale Gran Sasso - Piazzale Piola,most sidewalks don't have an actual name
248204450,way,name,Viale Gran Sasso - Piazzale Piola,most sidewalks don't have an actual name
248344663,way,name,Via Carlo Farini,most sidewalks don't have an actual name
249280257,way,name,P.le Lugano,most sidewalks don't have an actual name
249284361,way,name,Via Bernina,most sidewalks don't have an actual name
249284363,way,name,Via Bernina,most sidewalks don't have an actual name
249284892,way,name,Zara M3,most sidewalks don't have an actual name
249284893,way,name,Zara M3,most sidewalks don't have an actual name
249742788,way,name,Viale Lunigiana,most sidewalks don't have an actual name
249742789,way,name,Viale Lunigiana - Via Gioia,most sidewalks don't have an actual name
249742791,way,name,Viale Lunigiana - Via Gioia,most sidewalks don't have an actual name
249743983,way,name,Stazione Centrale Via Tonale,most sidewalks don't have an actual name
249743984,way,name,Stazione Centrale Via Tonale,most sidewalks don't have an actual name
249747195,way,name,Lancetti,most sidewalks don't have an actual name
249747196,way,name,Piazzale Nigra,most sidewalks don't have an actual name
249747197,way,name,Lancetti,most sidewalks don't have an actual name
249753115,way,name,"viale Bezzi, via Marostica",most sidewalks don't have an actual name
250293103,way,name,Corso Sempione Via Arona,most sidewalks don't have an actual name
250293104,way,name,Corso Sempione Via Arona,most sidewalks don't have an actual name
250298609,way,name,Via Console Marcello - Via Grugnola,most sidewalks don't have an actual name
250298610,way,name,Via Console Marcello - Via Ferrario,most sidewalks don't have an actual name
250515941,way,name,Via Monti - Via Comerio,most sidewalks don't have an actual name
250515942,way,name,Via Monti - Via Savoia Cavalleria,most sidewalks don't have an actual name
251311898,way,name,Piazza Aspari,most sidewalks don't have an actual name
251314212,way,name,Precotto M1,most sidewalks don't have an actual name
251614623,way,name,Via Larga,most sidewalks don't have an actual name
251911504,way,name,Piazza Fontana,most sidewalks don't have an actual name
251911505,way,name,Piazza Fontana,most sidewalks don't have an actual name
251934940,way,name,Castelbarco,most sidewalks don't have an actual name
251948698,way,name,Sforza - Policlinico M4,most sidewalks don't have an actual name
252061517,way,name,Domodossola FN M5,most sidewalks don't have an actual name
252061518,way,name,Corso Sempione Via Procaccini,most sidewalks don't have an actual name
252061703,way,name,Arco della Pace,most sidewalks don't have an actual name
252794504,way,name,Viale Certosa - Via Grosotto,most sidewalks don't have an actual name
252830050,way,name,Piazzale Accursio,most sidewalks don't have an actual name
252830051,way,name,P.le Accursio,most sidewalks don't have an actual name
252830311,way,name,Viale Certosa - Via Casella,most sidewalks don't have an actual name
252830312,way,name,V.le Certosa Via Giannini,most sidewalks don't have an actual name
254765326,way,name,Via Mecenate - Via Zante,most sidewalks don't have an actual name
254765329,way,name,Via Mecenate - Via Zante,most sidewalks don't have an actual name
254765374,way,name,Via Mecenate - Via Fantoli,most sidewalks don't have an actual name
254765375,way,name,Via Mecenate - Via Fantoli,most sidewalks don't have an actual name
254765418,way,name,Via Mecenate - Via Quintiliano,most sidewalks don't have an actual name
254765419,way,name,Via Mecenate - Via Quintiliano,most sidewalks don't have an actual name
254802977,way,name,Piazza San Gioachimo,most sidewalks don't have an actual name
255647384,way,name,Bonola M1,most sidewalks don't have an actual name
256998633,way,name,Via Grassi,most sidewalks don't have an actual name
257167910,way,name,Viale Ungheria - Via Mecenate,most sidewalks don't have an actual name
257167912,way,name,Viale Ungheria - Via Mecenate,most sidewalks don't have an actual name
257168227,way,name,Viale Ungheria - Largo Guerrieri Gonzaga,most sidewalks don't have an actual name
257905532,way,name,Romolo M2,most sidewalks don't have an actual name
257905533,way,name,Romolo M2,most sidewalks don't have an actual name
257928480,way,name,P. Je Loreto,most sidewalks don't have an actual name
257942442,way,name,Porta Genova M2,most sidewalks don't have an actual name
257942443,way,name,Porta Genova M2,most sidewalks don't have an actual name
258773338,way,name,Via Farini - Via Ferrari,most sidewalks don't have an actual name
258773342,way,name,Via Farini - Via Ferrari,most sidewalks don't have an actual name
260923805,way,name,Viale Testi - Via Dolcebuono,most sidewalks don't have an actual name
261076201,way,name,Via B. Marcello,most sidewalks don't have an actual name
261076202,way,name,Via Benedetto Marcello,most sidewalks don't have an actual name
263665647,way,name,Via Demonte,most sidewalks don't have an actual name
263676492,way,name,Via Demonte,most sidewalks don't have an actual name
263676496,way,name,Via Demonte,most sidewalks don't have an actual name
265863457,way,name,Via Bassini - Via Ponzio,most sidewalks don't have an actual name
273712497,way,name,Vicolo Santa Maria alla Porta,most sidewalks don't have an actual name
275251492,way,name,Viale Isernia,most sidewalks don't have an actual name
282975882,way,name,Promenade Varesine,most sidewalks don't have an actual name
288755965,way,name,Viale Abruzzi Via Plinio,most sidewalks don't have an actual name
288756114,way,name,Piazza Ascoli,most sidewalks don't have an actual name
288813874,way,name,Romolo M2,most sidewalks don't have an actual name
288813876,way,name,Romolo M2,most sidewalks don't have an actual name
288813879,way,name,Piazza Maggi,most sidewalks don't have an actual name
290060384,way,name,Piazza San Gioachimo,most sidewalks don't have an actual name
296154799,way,name,Via Francesco Goya,most sidewalks don't have an actual name
296154800,way,name,Via Mario Sironi,most sidewalks don't have an actual name
301958437,way,name,Piazza Grandi,most sidewalks don't have an actual name
301958438,way,name,Piazza Grandi,most sidewalks don't have an actual name
310817829,way,name,Piazza 24 Maggio,most sidewalks don't have an actual name
329736674,way,name,Galleria Manzoni,most sidewalks don't have an actual name
330229219,way,name,Romolo,most sidewalks don't have an actual name
330361322,way,name,Stazione Centrale M2 M3,most sidewalks don't have an actual name
345703162,way,name,Via Mac Mahon - Via Bramantino,most sidewalks don't have an actual name
355513694,way,name,Piazza Cinque Giornate,most sidewalks don't have an actual name
355513695,way,name,Piazza Santa Maria del Suffragio,most sidewalks don't have an actual name
355514651,way,name,Corso di Porta Vittoria (Camera del Lavoro),most sidewalks don't have an actual name
355514779,way,name,Porta Venezia M1,most sidewalks don't have an actual name
355514780,way,name,Porta Venezia M1,most sidewalks don't have an actual name
355519433,way,name,Piazza Adelaide di Savoia,most sidewalks don't have an actual name
355519434,way,name,Piazza Otto Novembre,most sidewalks don't have an actual name
365338688,way,name,Via Cadore - Corso Ventidue Marzo,most sidewalks don't have an actual name
365969887,way,name,viale Umbria via muratori,most sidewalks don't have an actual name
365969892,way,name,viale Umbria via muratori,most sidewalks don't have an actual name
368641057,way,name,Domodossola FN M5,most sidewalks don't have an actual name
368900535,way,name,Ospedale Maggiore (Niguarda),most sidewalks don't have an actual name
368900540,way,name,Ospedale Maggiore (Niguarda),most sidewalks don't have an actual name
369247971,way,name,San Siro Ippodromo M5,most sidewalks don't have an actual name
369247983,way,name,San Siro Ippodromo M5,most sidewalks don't have an actual name
369249535,way,name,Piazza Esquilino,most sidewalks don't have an actual name
369348851,way,name,Piazza Carbonari,most sidewalks don't have an actual name
369348854,way,name,Piazza Carbonari,most sidewalks don't have an actual name
369358693,way,name,Via Farini - Via Ferrari,most sidewalks don't have an actual name
379873069,way,name,Missori M3,most sidewalks don't have an actual name
381220781,way,name,Viale Monte Nero - Via Spartaco,most sidewalks don't have an actual name
381220784,way,name,Viale Monte Nero - Via Spartaco,most sidewalks don't have an actual name
381699156,way,name,Piazza Duca d'Aosta,most sidewalks don't have an actual name
385960466,way,name,Viale Brianza,most sidewalks don't have an actual name
385960469,way,name,Viale Brianza,most sidewalks don't have an actual name
386386540,way,name,Piazza Tricolore,most sidewalks don't have an actual name
387896665,way,name,Viale dei Mille Piazza Novelli,most sidewalks don't have an actual name
387912220,way,name,Piazzale Adelaide di Savoia,most sidewalks don't have an actual name
401247548,way,name,Via Tito Livio,most sidewalks don't have an actual name
403677480,way,name,viale Tibaldi via meda,most sidewalks don't have an actual name
403677482,way,name,viale Tibaldi via meda,most sidewalks don't have an actual name
403685524,way,name,Lanza M2,most sidewalks don't have an actual name
405879026,way,name,Via Mac Mahon - Viale Monte Ceneri,most sidewalks don't have an actual name
405886984,way,name,Piazza Firenze,most sidewalks don't have an actual name
405887637,way,name,Piazza Firenze,most sidewalks don't have an actual name
423440519,way,name,Viale Monte Grappa - Via Gioia,most sidewalks don't have an actual name
423617220,way,name,Viale Jenner,most sidewalks don't have an actual name
423617238,way,name,Viale Jenner,most sidewalks don't have an actual name
437511249,way,name,Galleria privata Strasburgo,most sidewalks don't have an actual name
465420053,way,name,Viale Monte Santo,most sidewalks don't have an actual name
471850410,way,name,Passeggiata Umberto Eco,most sidewalks don't have an actual name
497345168,way,name,Via Mac Mahon - Via Bramantino,most sidewalks don't have an actual name
497349170,way,name,Via Mac Mahon - Via Artieri,most sidewalks don't have an actual name
497381140,way,name,Domodossola FN M5,most sidewalks don't have an actual name
497381142,way,name,Piazza Cincinnato,most sidewalks don't have an actual name
497420810,way,name,Piazza Cavour,most sidewalks don't have an actual name
497420819,way,name,Piazza Cincinnato,most sidewalks don't have an actual name
497436189,way,name,Corso Sempione Via E. Filiberto,most sidewalks don't have an actual name
497436205,way,name,Corso Sempione Via Villasanta,most sidewalks don't have an actual name
497436210,way,name,Corso Sempione Via Canova,most sidewalks don't have an actual name
497584451,way,name,Via Lodovico il Moro - Via Pestalozzi,most sidewalks don't have an actual name
498023290,way,name,Via Ugo Bassi,most sidewalks don't have an actual name
498023304,way,name,Via Farini - Via Valtellina,most sidewalks don't have an actual name
498023306,way,name,Via Farini - Via Alserio,most sidewalks don't have an actual name
498026590,way,name,Monumentale M5,most sidewalks don't have an actual name
498384989,way,name,Arena,most sidewalks don't have an actual name
498384994,way,name,Arena,most sidewalks don't have an actual name
498384997,way,name,Piazza Lega Lombarda,most sidewalks don't have an actual name
498385011,way,name,Piazza Lega Lombarda,most sidewalks don't have an actual name
498385014,way,name,V.le Montello,most sidewalks don't have an actual name
498385018,way,name,Piazzale Baiamonti,most sidewalks don't have an actual name
498520133,way,name,Via Lodovico il Moro - Cavalcavia Don Milani,most sidewalks don't have an actual name
502595519,way,name,Domodossola FN M5,most sidewalks don't have an actual name
548544409,way,name,Piazzale Ferdinando Martini,most sidewalks don't have an actual name
548544415,way,name,Piazzale Ferdinando Martini,most sidewalks don't have an actual name
548544434,way,name,Piazzale Martini,most sidewalks don't have an actual name
548544436,way,name,Piazzale Ferdinando Martini,most sidewalks don't have an actual name
569395227,way,name,Stazione Centrale M2 M3,most sidewalks don't have an actual name
587562629,way,name,Via Montegani - Via Palmieri,most sidewalks don't have an actual name
591402145,way,name,Via Mecenate - Via Maderna,most sidewalks don't have an actual name
591402146,way,name,Via Mecenate - Via Maderna,most sidewalks don't have an actual name
663470114,way,name,Piazza Cinque Giornate,most sidewalks don't have an actual name
668929348,way,name,Porta Romana M3,most sidewalks don't have an actual name
668929358,way,name,p.ta romana,most sidewalks don't have an actual name
668929367,way,name,Porta Romana M3,most sidewalks don't have an actual name
669158569,way,name,Viale Monte Nero - Via Pier Lombardo,most sidewalks don't have an actual name
669158811,way,name,Viale Monte Nero - Via Pier Lombardo,most sidewalks don't have an actual name
672943244,way,name,Piazza Cinque Giornate,most sidewalks don't have an actual name
673362983,way,name,Largo Augusto,most sidewalks don't have an actual name
684314204,way,name,Viale Monte Santo,most sidewalks don't have an actual name
684533823,way,name,Corvetto,most sidewalks don't have an actual name
685382197,way,name,Viale Montello,most sidewalks don't have an actual name
685672153,way,name,Largo D'Ancona,most sidewalks don't have an actual name
689278414,way,name,Piazza Monte Falterona,most sidewalks don't have an actual name
696625981,way,name,Viale Bligny,most sidewalks don't have an actual name
696625982,way,name,Viale Bligny,most sidewalks don't have an actual name
697788457,way,name,Via Croce Rossa,most sidewalks don't have an actual name
705605423,way,name,Piazza Duca d'Aosta,most sidewalks don't have an actual name
705605424,way,name,Piazza Duca d'Aosta,most sidewalks don't have an actual name
705605428,way,name,Piazza Duca d'Aosta,most sidewalks don't have an actual name
705605435,way,name,Piazza Duca d'Aosta,most sidewalks don't have an actual name
705605436,way,name,Piazza Duca d'Aosta,most sidewalks don't have an actual name
705605437,way,name,Piazza Duca d'Aosta,most sidewalks don't have an actual name
705605438,way,name,Piazza Duca d'Aosta,most sidewalks don't have an actual name
705605458,way,name,Piazza Duca d'Aosta,most sidewalks don't have an actual name
705605459,way,name,Piazza Duca d'Aosta,most sidewalks don't have an actual name
705605463,way,name,Piazza Duca d'Aosta,most sidewalks don't have an actual name
708002566,way,name,Via Novate,most sidewalks don't have an actual name
708002615,way,name,Via Novate,most sidewalks don't have an actual name
734372000,way,name,Via Procaccini Via Nono,most sidewalks don't have an actual name
734372002,way,name,Via Procaccini Via Nono,most sidewalks don't have an actual name
734802316,way,name,Via Ripamonti - Viale Sabotino,most sidewalks don't have an actual name
734802317,way,name,Viale Isonzo - Via Ripamonti,most sidewalks don't have an actual name
734802318,way,name,Viale Isonzo - Via Ripamonti,most sidewalks don't have an actual name
736649258,way,name,Via Alfonso Corti,most sidewalks don't have an actual name
750788343,way,name,Vicolo Santa Maria alla Porta,most sidewalks don't have an actual name
835902492,way,name,Via Vincenzo da Seregno,most sidewalks don't have an actual name
835902494,way,name,Via Vincenzo da Seregno,most sidewalks don't have an actual name
837542646,way,name,Via Fratelli Camillo e Giannino Antona Traversi,most sidewalks don't have an actual name
837542652,way,name,Via Fratelli Camillo e Giannino Antona Traversi,most sidewalks don't have an actual name
837542724,way,name,Via Fratelli Camillo e Giannino Antona Traversi,most sidewalks don't have an actual name
837542746,way,name,Via Fratelli Camillo e Giannino Antona Traversi,most sidewalks don't have an actual name
837542755,way,name,Via Fratelli Camillo e Giannino Antona Traversi,most sidewalks don't have an actual name
837542765,way,name,Via Fratelli Camillo e Giannino Antona Traversi,most sidewalks don't have an actual name
837542769,way,name,Via Fratelli Camillo e Giannino Antona Traversi,most sidewalks don't have an actual name
837542805,way,name,Via Fratelli Camillo e Giannino Antona Traversi,most sidewalks don't have an actual name
837542808,way,name,Via Fratelli Camillo e Giannino Antona Traversi,most sidewalks don't have an actual name
845987176,way,name,Viale Ca' Granda - Via Valfurva,most sidewalks don't have an actual name
855247465,way,name,Piazza Ovidio,most sidewalks don't have an actual name
855247466,way,name,Piazza Ovidio,most sidewalks don't have an actual name
862864603,way,name,Via Gattamelata,most sidewalks don't have an actual name
873063614,way,name,Via Valassina,most sidewalks don't have an actual name
873063617,way,name,Via Valassina,most sidewalks don't have an actual name
873077354,way,name,Via Valassina,most sidewalks don't have an actual name
873077355,way,name,Via Valassina,most sidewalks don't have an actual name
873077356,way,name,Via Valassina,most sidewalks don't have an actual name
873077357,way,name,Via Valassina,most sidewalks don't have an actual name
873080766,way,name,Via Valassina,most sidewalks don't have an actual name
873080767,way,name,Via Valassina,most sidewalks don't have an actual name
873087314,way,name,Via Valassina,most sidewalks don't have an actual name
873087315,way,name,Via Valassina,most sidewalks don't have an actual name
873212133,way,name,Via Valassina,most sidewalks don't have an actual name
873454570,way,name,Valassina,most sidewalks don't have an actual name
874423714,way,name,Nizza,most sidewalks don't have an actual name
901095041,way,name,Viale Sarca - Via Pianell,most sidewalks don't have an actual name
901098025,way,name,V.le Testi Via San Marcellina,most sidewalks don't have an actual name
901380591,way,name,Università Bicocca - Scienza,most sidewalks don't have an actual name
901380593,way,name,Università Bicocca - Scienza,most sidewalks don't have an actual name
901380814,way,name,Stazione Greco,most sidewalks don't have an actual name
926196401,way,name,Via Fratelli Camillo e Giannino Antona Traversi,most sidewalks don't have an actual name
941863455,way,name,Via Pascoli - Piazza Leonardo da Vinci,most sidewalks don't have an actual name
941863456,way,name,Viale Romagna - Via Pascoli,most sidewalks don't have an actual name
941863459,way,name,Viale Romagna - Via Pascoli,most sidewalks don't have an actual name
941863463,way,name,Piazza Carlo Erba,most sidewalks don't have an actual name
945579729,way,name,Cavalcavia Buccari,most sidewalks don't have an actual name
945579730,way,name,Cavalcavia Buccari,most sidewalks don't have an actual name
954733446,way,name,Via Giovanni Pontano,most sidewalks don't have an actual name
954733451,way,name,Via Felicita Morandi,most sidewalks don't have an actual name
971635608,way,name,Famagosta M2,most sidewalks don't have an actual name
979667867,way,name,Cenisio M5,most sidewalks don't have an actual name
979667868,way,name,Cenisio M5,most sidewalks don't have an actual name
1008845196,way,name,Segesta M5,most sidewalks don't have an actual name
1013734878,way,name,Uruguay,most sidewalks don't have an actual name
1026953270,way,name,Piazza Axum (Stadio Meazza),most sidewalks don't have an actual name
1026964047,way,name,Via Dolci - Via Ricciarelli,most sidewalks don't have an actual name
1026964048,way,name,Piazza Monte Falterona,most sidewalks don't have an actual name
1027010851,way,name,Via Meravigli,most sidewalks don't have an actual name
1027010852,way,name,Via Meravigli,most sidewalks don't have an actual name
1027010855,way,name,Santa Maria delle Grazie - Cenacolo Vinciano,most sidewalks don't have an actual name
1027010856,way,name,Santa Maria delle Grazie - Cenacolo Vinciano,most sidewalks don't have an actual name
1027012088,way,name,Cordusio M1,most sidewalks don't have an actual name
1027024994,way,name,Duomo M1 M3,most sidewalks don't have an actual name
1027024996,way,name,Duomo M1 M3,most sidewalks don't have an actual name
1027033816,way,name,V.le Monte Nero Via Bergamo,most sidewalks don't have an actual name
1027033818,way,name,Via Lamarmora,most sidewalks don't have an actual name
1027033826,way,name,Crocetta M3,most sidewalks don't have an actual name
1027033827,way,name,Corso di Porta Romana - Via Santa Sofia,most sidewalks don't have an actual name
1027047614,way,name,Via del Turchino - Via Maspero,most sidewalks don't have an actual name
1027047618,way,name,Piazzale Cuoco,most sidewalks don't have an actual name
1027050237,way,name,Via Monte Velino,most sidewalks don't have an actual name
1027054498,way,name,Via Dolci - Via Ricciarelli,most sidewalks don't have an actual name
1027054500,way,name,Segesta M5,most sidewalks don't have an actual name
1027054501,way,name,San Siro Stadio M5,most sidewalks don't have an actual name
1027917618,way,name,Viale Boezio,most sidewalks don't have an actual name
1028076809,way,name,Via Monti - Via Savoia Cavalleria,most sidewalks don't have an actual name
1028079187,way,name,Largo Quinto Alpini,most sidewalks don't have an actual name
1028094425,way,name,Missori M3,most sidewalks don't have an actual name
1028104776,way,name,Viale Piave,most sidewalks don't have an actual name
1028104777,way,name,Viale Piave,most sidewalks don't have an actual name
1028104778,way,name,Piazza Tricolore,most sidewalks don't have an actual name
1028104780,way,name,Viale Premuda,most sidewalks don't have an actual name
1028106216,way,name,Via Bixio,most sidewalks don't have an actual name
1028106219,way,name,Via Bixio,most sidewalks don't have an actual name
1030134022,way,name,Piazza Santa Maria del Suffragio,most sidewalks don't have an actual name
1030359828,way,name,Piazzale Nigra,most sidewalks don't have an actual name
1034763168,way,name,Ripa di Porta Ticinese Via Lombardini,most sidewalks don't have an actual name
1036500644,way,name,Ospedale San Carlo - 78 e 49,most sidewalks don't have an actual name
1036644973,way,name,Piazza Ascoli,most sidewalks don't have an actual name
1036788207,way,name,Via Mario Sironi,most sidewalks don't have an actual name
1036977295,way,name,Piazza San Materno,most sidewalks don't have an actual name
1036977391,way,name,Via Felicita Morandi,most sidewalks don't have an actual name
1036977394,way,name,Via Felicita Morandi,most sidewalks don't have an actual name
1038289914,way,name,Viale Argonne,most sidewalks don't have an actual name
1040765333,way,name,Giardino Mariangela Melato,most sidewalks don't have an actual name
1042578002,way,name,Piazzale Negrelli,most sidewalks don't have an actual name
1042961704,way,name,Piazza Duca d'Aosta,most sidewalks don't have an actual name
1044716338,way,name,Piazza Cinque Giornate,most sidewalks don't have an actual name
1046864511,way,name,Ripa di Porta Ticinese Via D'Adda,most sidewalks don't have an actual name
1046894462,way,name,Via Montegani - Viale Da Cermenate,most sidewalks don't have an actual name
1047096891,way,name,Carrobbio,most sidewalks don't have an actual name
1047096894,way,name,Via Meda - Via Spaventa,most sidewalks don't have an actual name
1047096895,way,name,Via Montegani - Viale Da Cermenate,most sidewalks don't have an actual name
1047096896,way,name,Via Montegani - Via Neera,most sidewalks don't have an actual name
1047153852,way,name,Lanza M2,most sidewalks don't have an actual name
1047159548,way,name,Niguarda Centro,most sidewalks don't have an actual name
1047820141,way,name,Viale Fulvio Testi - Via Pianell,most sidewalks don't have an actual name
1047821150,way,name,Viale Fulvio Testi - Via Pianell,most sidewalks don't have an actual name
1047824733,way,name,Bicocca M5,most sidewalks don't have an actual name
1047830889,way,name,Parmenide,most sidewalks don't have an actual name
1047866753,way,name,Via Cenisio Via Induno,most sidewalks don't have an actual name
1047866754,way,name,Via Cenisio Via Induno,most sidewalks don't have an actual name
1049245409,way,name,Via Cadore - Corso Ventidue Marzo,most sidewalks don't have an actual name
1049247710,way,name,Piazza Emilia,most sidewalks don't have an actual name
1049247711,way,name,Piazza Emilia,most sidewalks don't have an actual name
1049253120,way,name,Viale Corsica - Via Battistotti Sassi,most sidewalks don't have an actual name
1049253896,way,name,Viale Corsica - Via Negroli,most sidewalks don't have an actual name
1049253897,way,name,Viale Corsica - Via Lomellina,most sidewalks don't have an actual name
1049254526,way,name,Stazione Forlanini M4,most sidewalks don't have an actual name
1049260558,way,name,Viale Ungheria - Largo Guerrieri Gonzaga,most sidewalks don't have an actual name
1049260854,way,name,"Viale Ungheria, 20",most sidewalks don't have an actual name
1049260855,way,name,Viale Ungheria,most sidewalks don't have an actual name
1049265062,way,name,Viale Fulvio Testi - Via La Farina,most sidewalks don't have an actual name
1049613331,way,name,Via Farini Via Alserio,most sidewalks don't have an actual name
1049624495,way,name,Porta Genova M2,most sidewalks don't have an actual name
1049624497,way,name,Porta Genova M2,most sidewalks don't have an actual name
1049629193,way,name,Piazza Negrelli,most sidewalks don't have an actual name
1049629195,way,name,Via L. il Moro Via Guintellino,most sidewalks don't have an actual name
1049629196,way,name,Via L. il Moro Via Guintellino,most sidewalks don't have an actual name
1049629201,way,name,Via Lodovico il Moro - Via Pestalozzi,most sidewalks don't have an actual name
1050009402,way,name,V.le M.te Grappa Via Gioia,most sidewalks don't have an actual name
1050028049,way,name,Stazione Garibaldi M2 M5,most sidewalks don't have an actual name
1050028050,way,name,Stazione Garibaldi M2 M5,most sidewalks don't have an actual name
1055938498,way,name,Cascina Gobba M2,most sidewalks don't have an actual name
1064271507,way,name,Via Ripamonti - Via Lorenzini,most sidewalks don't have an actual name
1064271508,way,name,Via Ripamonti - Via Lorenzini,most sidewalks don't have an actual name
1064274900,way,name,Crocetta M3,most sidewalks don't have an actual name
1064276829,way,name,Crocetta M3,most sidewalks don't have an actual name
1064287657,way,name,Missori M3,most sidewalks don't have an actual name
1064287995,way,name,Corso Italia - Missori M3,most sidewalks don't have an actual name
1064288980,way,name,Missori M3,most sidewalks don't have an actual name
1064335280,way,name,P.za Lega Lombarda,most sidewalks don't have an actual name
1065095113,way,name,Piazza Esquilino,most sidewalks don't have an actual name
1065105083,way,name,Corso Sempione Via Villasanta,most sidewalks don't have an actual name
1065105543,way,name,Turati M3,most sidewalks don't have an actual name
1065135557,way,name,Via Rosales,most sidewalks don't have an actual name
1065456267,way,name,Viale Umbria Via Comelico,most sidewalks don't have an actual name
1065456269,way,name,Via Comelico,most sidewalks don't have an actual name
1065456270,way,name,Via Cadore Via Bergamo,most sidewalks don't have an actual name
1069204486,way,name,Missori M3,most sidewalks don't have an actual name
1069212623,way,name,Corso Porta Vigentina,most sidewalks don't have an actual name
1069219160,way,name,Via Ripamonti - Viale Sabotino,most sidewalks don't have an actual name
1069221460,way,name,Via Ripamonti - Via Bellezza,most sidewalks don't have an actual name
1069266539,way,name,Via Ripamonti - Via Chopin,most sidewalks don't have an actual name
1069266543,way,name,Via Ripamonti - Via Chopin,most sidewalks don't have an actual name
1072625215,way,name,Lanza M2,most sidewalks don't have an actual name
1072633680,way,name,P.zza Cavour,most sidewalks don't have an actual name
1072681843,way,name,Via Sforza Via Andreani,most sidewalks don't have an actual name
1072691391,way,name,Via Sforza Via Andreani,most sidewalks don't have an actual name
1072694152,way,name,Santa Sofia M4,most sidewalks don't have an actual name
1072694154,way,name,Via Santa Sofia - Via San Senatore,most sidewalks don't have an actual name
1072703999,way,name,Cadorna M1 M2,most sidewalks don't have an actual name
1072707056,way,name,Cairoli m1,most sidewalks don't have an actual name
1072709035,way,name,Lanza M2,most sidewalks don't have an actual name
1072709512,way,name,Via Cusani,most sidewalks don't have an actual name
1072712074,way,name,Via Cusani,most sidewalks don't have an actual name
1072712076,way,name,Via Cusani,most sidewalks don't have an actual name
1072712271,way,name,Via Cusani,most sidewalks don't have an actual name
1072983325,way,name,Via Mascagni Via Conservatorio,most sidewalks don't have an actual name
1072995536,way,name,Carrobbio,most sidewalks don't have an actual name
1072995538,way,name,Carrobbio,most sidewalks don't have an actual name
1072996436,way,name,Via Ricasoli,most sidewalks don't have an actual name
1073019983,way,name,Teatro alla Scala,most sidewalks don't have an actual name
1073024249,way,name,San Babila M1,most sidewalks don't have an actual name
1073025529,way,name,Corso Italia - Via Santa Sofia,most sidewalks don't have an actual name
1073044845,way,name,Vetra M4,most sidewalks don't have an actual name
1073054127,way,name,Largo D'Ancona,most sidewalks don't have an actual name
1073073016,way,name,Duomo M1 M3,most sidewalks don't have an actual name
1075775328,way,name,Viale Premuda,most sidewalks don't have an actual name
1075791102,way,name,Piazza Gae Aulenti,most sidewalks don't have an actual name
1078754068,way,name,Crocetta M3,most sidewalks don't have an actual name
1078754689,way,name,Crocetta M3,most sidewalks don't have an actual name
1078757052,way,name,Corso porta Romana via Orti,most sidewalks don't have an actual name
1078758032,way,name,Porta Romana Piazza Medaglie d'oro,most sidewalks don't have an actual name
1078759140,way,name,Porta Romana M3,most sidewalks don't have an actual name
1078766367,way,name,Viale Monte Nero - Via Bergamo,most sidewalks don't have an actual name
1078766368,way,name,Viale Monte Nero - Via Bergamo,most sidewalks don't have an actual name
1078767272,way,name,Viale Regina Margherita Via Besana,most sidewalks don't have an actual name
1078767843,way,name,Viale Monte Nero Via  Spartaco,most sidewalks don't have an actual name
1078773689,way,name,Corso di Porta Vittoria Largo Augusto,most sidewalks don't have an actual name
1078779551,way,name,Porta Venezia M1,most sidewalks don't have an actual name
1078798393,way,name,Porta Venezia - Viale Tunisia,most sidewalks don't have an actual name
1078820405,way,name,Piazza Adelaide di Savoia,most sidewalks don't have an actual name
1078822993,way,name,Piazza Ascoli,most sidewalks don't have an actual name
1078823929,way,name,Piazza Ascoli,most sidewalks don't have an actual name
1078824215,way,name,Piazza Ascoli,most sidewalks don't have an actual name
1078825764,way,name,Piazza Ascoli,most sidewalks don't have an actual name
1078827445,way,name,Via eustacchi via maiocchi,most sidewalks don't have an actual name
1078827598,way,name,Via eustacchi via maiocchi,most sidewalks don't have an actual name
1078829439,way,name,Viale Abruzzi Via Plinio,most sidewalks don't have an actual name
1078831605,way,name,Via Plinio Via Eustachi,most sidewalks don't have an actual name
1078831871,way,name,Via Plinio P.le Bacone,most sidewalks don't have an actual name
1079385430,way,name,PORTA ROMANA M3,most sidewalks don't have an actual name
1079386917,way,name,p.ta romana,most sidewalks don't have an actual name
1079387374,way,name,c.so lodi via salmini,most sidewalks don't have an actual name
1079405665,way,name,Piazza Buozzi,most sidewalks don't have an actual name
1079409868,way,name,corso Lodi via Friuli,most sidewalks don't have an actual name
1079409869,way,name,Piazza Buozzi,most sidewalks don't have an actual name
1079410198,way,name,corso Lodi via Friuli,most sidewalks don't have an actual name
1079412251,way,name,Lodi M3,most sidewalks don't have an actual name
1079412253,way,name,lodi m3,most sidewalks don't have an actual name
1079413419,way,name,Lodi M3,most sidewalks don't have an actual name
1079413422,way,name,Lodi M3,most sidewalks don't have an actual name
1079414367,way,name,Porta Romana FS,most sidewalks don't have an actual name
1079414369,way,name,Corso Lodi Via Brembo,most sidewalks don't have an actual name
1079414371,way,name,Corso Lodi Via Scrivia,most sidewalks don't have an actual name
1079414654,way,name,Corso Lodi Via Scrivia,most sidewalks don't have an actual name
1079418778,way,name,Brenta M3,most sidewalks don't have an actual name
1079418779,way,name,Brenta M3,most sidewalks don't have an actual name
1079420177,way,name,Brenta,most sidewalks don't have an actual name
1079420180,way,name,Brenta,most sidewalks don't have an actual name
1079420955,way,name,Viale Sabotino,most sidewalks don't have an actual name
1079420957,way,name,Viale Sabotino,most sidewalks don't have an actual name
1079421536,way,name,Via Ripamonti - Viale Sabotino,most sidewalks don't have an actual name
1079427340,way,name,Porta Lodovica,most sidewalks don't have an actual name
1079432109,way,name,Corso San Gottardo Via Lagrange,most sidewalks don't have an actual name
1079457798,way,name,Piazza 24 Maggio,most sidewalks don't have an actual name
1079460931,way,name,Viale Toscana Via Castelbarco,most sidewalks don't have an actual name
1079474163,way,name,Via Vigevano - Viale Gorizia,most sidewalks don't have an actual name
1079474423,way,name,P.le Cantore,most sidewalks don't have an actual name
1079476882,way,name,Via Vigevano Via Corsico,most sidewalks don't have an actual name
1079477065,way,name,Via Vigevano Via Corsico,most sidewalks don't have an actual name
1079491227,way,name,Via Ariberto,most sidewalks don't have an actual name
1079692756,way,name,Piazzale Baracca,most sidewalks don't have an actual name
1079967628,way,name,Cadorna FN M1 M2,most sidewalks don't have an actual name
1079969970,way,name,Cadorna M1 M2,most sidewalks don't have an actual name
1079972220,way,name,Cadorna M1 M2,most sidewalks don't have an actual name
1079979488,way,name,P.le Aquileia,most sidewalks don't have an actual name
1079979891,way,name,Piazzale Aquileia,most sidewalks don't have an actual name
1079983808,way,name,Corso Italia - Via Lusardi,most sidewalks don't have an actual name
1079994392,way,name,Via Moscova Via Solferino,most sidewalks don't have an actual name
1079994965,way,name,Turati M3,most sidewalks don't have an actual name
1079995404,way,name,Turati M3,most sidewalks don't have an actual name
1080003820,way,name,Tricolore M4,most sidewalks don't have an actual name
1080004285,way,name,Piazza Risorgimento,most sidewalks don't have an actual name
1080028403,way,name,Corvetto M3,most sidewalks don't have an actual name
1080028405,way,name,Corvetto M3,most sidewalks don't have an actual name
1080028668,way,name,Corvetto M3,most sidewalks don't have an actual name
1080032408,way,name,Viale Ortles via Calabiana,most sidewalks don't have an actual name
1080032411,way,name,Viale Ortles Via Calabiana,most sidewalks don't have an actual name
1080032817,way,name,Piazza Bonomelli,most sidewalks don't have an actual name
1080032818,way,name,Piazza Bonomelli,most sidewalks don't have an actual name
1080039415,way,name,Via Crema,most sidewalks don't have an actual name
1080039417,way,name,Via Crema,most sidewalks don't have an actual name
1080040752,way,name,Via Segantini - Via Gola,most sidewalks don't have an actual name
1080041350,way,name,Via Segantini Piazza Belfanti,most sidewalks don't have an actual name
1080041958,way,name,Piazza Belfanti,most sidewalks don't have an actual name
1080041959,way,name,Piazza Belfanti,most sidewalks don't have an actual name
1080043381,way,name,viale Tibaldi via meda,most sidewalks don't have an actual name
1080050997,way,name,Via Foppa Via Washington,most sidewalks don't have an actual name
1080052908,way,name,Via Silva Via Albani,most sidewalks don't have an actual name
1080053070,way,name,P.le Arduino,most sidewalks don't have an actual name
1080054096,way,name,Via Albani Via Vigliani,most sidewalks don't have an actual name
1080054302,way,name,P.Za Stuparich,most sidewalks don't have an actual name
1080054930,way,name,viale Serra - viale Scarampo,most sidewalks don't have an actual name
1080054932,way,name,P.Za Stuparich,most sidewalks don't have an actual name
1080066858,way,name,Via Foppa - Via Stendhal,most sidewalks don't have an actual name
1080066929,way,name,Via Foppa - Via Stendhal,most sidewalks don't have an actual name
1080206423,way,name,Via Cadore Via Spartaco,most sidewalks don't have an actual name
1080207627,way,name,Via Maestri Campionesi,most sidewalks don't have an actual name
1080207629,way,name,Via Maestri Campionesi,most sidewalks don't have an actual name
1080208155,way,name,Via Maestri Campionesi,most sidewalks don't have an actual name
1080210602,way,name,Via Cadore Via Spartaco,most sidewalks don't have an actual name
1080211744,way,name,Via Spartaco Via Morosini,most sidewalks don't have an actual name
1080211990,way,name,Via Spartaco Via Morosini,most sidewalks don't have an actual name
1080212756,way,name,Via Monte Nero Via Spartaco,most sidewalks don't have an actual name
1080214275,way,name,Via Cadore Via Anfossi,most sidewalks don't have an actual name
1080216143,way,name,Via Cadore Via Anfossi,most sidewalks don't have an actual name
1080217354,way,name,Via Cadore,most sidewalks don't have an actual name
1080219519,way,name,Via Cadore Via Spartaco,most sidewalks don't have an actual name
1080236570,way,name,Via Cadore Corso Ventidue Marzo,most sidewalks don't have an actual name
1080236572,way,name,Via Cadore Corso Ventidue Marzo,most sidewalks don't have an actual name
1080236824,way,name,Via Bronzetti Via Archimede,most sidewalks don't have an actual name
1080236825,way,name,Via Bronzetti - Via Archimede,most sidewalks don't have an actual name
1080237451,way,name,Corso Indipendenza - Via Bronzetti,most sidewalks don't have an actual name
1080237682,way,name,Corso Indipendenza - Via Bronzetti,most sidewalks don't have an actual name
1080238246,way,name,Via Castel Morrone Via Modena,most sidewalks don't have an actual name
1080238248,way,name,Via C. Morrone - Via Modena,most sidewalks don't have an actual name
1080238411,way,name,Via Castel Morrone Via Modena,most sidewalks don't have an actual name
1080251369,way,name,P.le Bacone,most sidewalks don't have an actual name
1080252058,way,name,Via Piccinini - V.le Abruzzi,most sidewalks don't have an actual name
1080270620,way,name,C.so Sempione Via Procaccini,most sidewalks don't have an actual name
1080272175,way,name,Corso Sempione Via Procaccini,most sidewalks don't have an actual name
1080275020,way,name,Piazza Gramsci,most sidewalks don't have an actual name
1080493592,way,name,Piazza Ghirlandaio,most sidewalks don't have an actual name
1080504100,way,name,via Villoresi,most sidewalks don't have an actual name
1080504749,way,name,V.le Cassala,most sidewalks don't have an actual name
1080531320,way,name,bolivar m4,most sidewalks don't have an actual name
1080531667,way,name,Bolivar,most sidewalks don't have an actual name
1080537872,way,name,Piazza Napoli,most sidewalks don't have an actual name
1080537873,way,name,P.zza Napoli,most sidewalks don't have an actual name
1087469377,way,name,Ponte Guido Crepax,most sidewalks don't have an actual name
1088109804,way,name,Roserio (Ospedale Sacco),most sidewalks don't have an actual name
1088109805,way,name,Roserio (Ospedale Sacco),most sidewalks don't have an actual name
1088397821,way,name,Tibaldi,most sidewalks don't have an actual name
1088407970,way,name,viale Tibaldi via meda,most sidewalks don't have an actual name
1088492021,way,name,10818,most sidewalks don't have an actual name
1088492081,way,name,via D'Adda - V.le Cassala n. 10815,most sidewalks don't have an actual name
1088492288,way,name,Viale Cassala,most sidewalks don't have an actual name
1088751246,way,name,"Alzaia Naviglio Pavese,60",most sidewalks don't have an actual name
1088754365,way,name,Romolo,most sidewalks don't have an actual name
1088766589,way,name,Viale Cassala,most sidewalks don't have an actual name
1088772241,way,name,Ponte Guido Crepax,most sidewalks don't have an actual name
1088801809,way,name,Via Valenza Alzaia Naviglio Grande,most sidewalks don't have an actual name
1088802519,way,name,Via Valenza Alzaia Naviglio Grande,most sidewalks don't have an actual name
1088851912,way,name,Via L. Il Moro P.le Negrelli,most sidewalks don't have an actual name
1089029340,way,name,Via Silva - Via Albani,most sidewalks don't have an actual name
1089032301,way,name,Lotto M1 M5,most sidewalks don't have an actual name
1089032373,way,name,Lotto M1 M5,most sidewalks don't have an actual name
1089081348,way,name,Via Albani Via Vigliani,most sidewalks don't have an actual name
1089081569,way,name,Via Albani Piazza Stuparich,most sidewalks don't have an actual name
1089081947,way,name,Via Albani - P.Za Stuparich,most sidewalks don't have an actual name
1089410895,way,name,Zara M3 M5,most sidewalks don't have an actual name
1089411246,way,name,Zara M3,most sidewalks don't have an actual name
1089422349,way,name,Zara M3 M5,most sidewalks don't have an actual name
1089428746,way,name,P.le Lagosta,most sidewalks don't have an actual name
1089428781,way,name,Piazzale Lagosta,most sidewalks don't have an actual name
1089430635,way,name,Via Porro Lambertenghi,most sidewalks don't have an actual name
1089430737,way,name,Via Porro Lambertenghi,most sidewalks don't have an actual name
1089431616,way,name,Via Pola Via Rossellini (INPS),most sidewalks don't have an actual name
1089433947,way,name,Via Galvani Via Copernico,most sidewalks don't have an actual name
1089434067,way,name,Via Galvani - via Copernico,most sidewalks don't have an actual name
1089439943,way,name,Via Filzi Via Adda,most sidewalks don't have an actual name
1089439945,way,name,Via Filzi Via Pirelli,most sidewalks don't have an actual name
1089449443,way,name,Lima,most sidewalks don't have an actual name
1089468529,way,name,Dateo M4,most sidewalks don't have an actual name
1090139141,way,name,piazzale Martini,most sidewalks don't have an actual name
1090140091,way,name,P.le Martini Via Ciceri Visconti,most sidewalks don't have an actual name
1090140486,way,name,Piazzale Martini,most sidewalks don't have an actual name
1090141299,way,name,Piazza Imperatore Tito,most sidewalks don't have an actual name
1090142313,way,name,Piazza Imperatore Tito,most sidewalks don't have an actual name
1090142632,way,name,Piazza Insubria,most sidewalks don't have an actual name
1090143335,way,name,Piazza Insubria,most sidewalks don't have an actual name
1090144547,way,name,Piazza Salgari,most sidewalks don't have an actual name
1090144579,way,name,Piazza Salgari,most sidewalks don't have an actual name
1090146393,way,name,Via Tertulliano - Via Lattanzio,most sidewalks don't have an actual name
1090148211,way,name,Via Cartoncini Via Tertulliani,most sidewalks don't have an actual name
1090158707,way,name,piazzale bologna,most sidewalks don't have an actual name
1090165463,way,name,piazzale bologna,most sidewalks don't have an actual name
1090177890,way,name,Via Martini,most sidewalks don't have an actual name
1090177892,way,name,Via Martini,most sidewalks don't have an actual name
1090178489,way,name,viale Omero,most sidewalks don't have an actual name
1090178676,way,name,Piazzale Gabriele Rosa,most sidewalks don't have an actual name
1090178922,way,name,Piazzale Gabriele Rosa,most sidewalks don't have an actual name
1090186868,way,name,Via Ravenna Via Pomposa,most sidewalks don't have an actual name
1090186870,way,name,Via Ravenna Via Barabino,most sidewalks don't have an actual name
1090207213,way,name,P.za Morselli,most sidewalks don't have an actual name
1090207663,way,name,P.za Morselli,most sidewalks don't have an actual name
1090230913,way,name,Via Arconati,most sidewalks don't have an actual name
1090230915,way,name,P.za Cappelli,most sidewalks don't have an actual name
1090231380,way,name,Via Anfossi,most sidewalks don't have an actual name
1090237361,way,name,Viale Campania Viale Corsica,most sidewalks don't have an actual name
1090240426,way,name,C.so Plebisciti Via Compagnoni,most sidewalks don't have an actual name
1090241199,way,name,C.so Plebisciti Via Compagnoni,most sidewalks don't have an actual name
1090242227,way,name,Susa M4,most sidewalks don't have an actual name
1090242845,way,name,"NM, 38, 54",most sidewalks don't have an actual name
1090243298,way,name,Viale Argonne Via Marescalchi,most sidewalks don't have an actual name
1090246567,way,name,Via Lomellina - Via Sismondi,most sidewalks don't have an actual name
1090248635,way,name,Viale Argonne - Via Marescalchi,most sidewalks don't have an actual name
1090437603,way,name,V.le Lunigiana,most sidewalks don't have an actual name
1090438769,way,name,Sondrio M3,most sidewalks don't have an actual name
1090438857,way,name,Sondrio M3,most sidewalks don't have an actual name
1090439682,way,name,Stazione Centrale Via Tonale,most sidewalks don't have an actual name
1090441613,way,name,Sondrio,most sidewalks don't have an actual name
1091019433,way,name,Piazza Melozzo da Forlì,most sidewalks don't have an actual name
1091023096,way,name,Piazza Amati,most sidewalks don't have an actual name
1092105268,way,name,L.go Murani,most sidewalks don't have an actual name
1092109480,way,name,Via Strambio,most sidewalks don't have an actual name
1092110161,way,name,Largo Murani,most sidewalks don't have an actual name
1092111802,way,name,Via Strambio,most sidewalks don't have an actual name
1092113494,way,name,Piazzale Gorini,most sidewalks don't have an actual name
1092114535,way,name,Piazzale Gorini,most sidewalks don't have an actual name
1092115878,way,name,Piazzale Gorini,most sidewalks don't have an actual name
1092116068,way,name,Piazzale Gorini,most sidewalks don't have an actual name
1092116612,way,name,Via Botticelli Via Saldini,most sidewalks don't have an actual name
1092117520,way,name,Via Botticelli Via Saldini,most sidewalks don't have an actual name
1092125394,way,name,Via Bassini - Via Golgi,most sidewalks don't have an actual name
1092125719,way,name,Via Bassini Via Golgi,most sidewalks don't have an actual name
1092126029,way,name,Via Bassini - Via Golgi,most sidewalks don't have an actual name
1092126305,way,name,Via Bassini Via Golgi,most sidewalks don't have an actual name
1092126469,way,name,Via Valvassori Peroni,most sidewalks don't have an actual name
1092128125,way,name,Via Valvassori Peroni,most sidewalks don't have an actual name
1092132212,way,name,Piazza Carlo Erba,most sidewalks don't have an actual name
1092132213,way,name,Piazza Carlo Erba,most sidewalks don't have an actual name
1092134652,way,name,Via Pascoli - Piazza Leonardo da Vinci,most sidewalks don't have an actual name
1092135067,way,name,Viale Romagna - Via Pascoli,most sidewalks don't have an actual name
1092135181,way,name,Viale Romagna - Via Pascoli,most sidewalks don't have an actual name
1092348753,way,name,Piazza Ferravilla,most sidewalks don't have an actual name
1092354560,way,name,Via Beato Angelico - Via Aselli,most sidewalks don't have an actual name
1092355014,way,name,Via B. Angelico - Via Aselli,most sidewalks don't have an actual name
1092566729,way,name,Via B. Angelico Via Aselli,most sidewalks don't have an actual name
1092588976,way,name,Viale dei Mille Piazza Novelli,most sidewalks don't have an actual name
1092590040,way,name,Viale dei Mille Piazza Novelli,most sidewalks don't have an actual name
1092590613,way,name,Viale dei Mille - Piazza Novelli,most sidewalks don't have an actual name
1092594711,way,name,piazza aspari,most sidewalks don't have an actual name
1092614111,way,name,Via Juvara - Via Vanvitelli,most sidewalks don't have an actual name
1092615135,way,name,Via Juvara Via Vanvitelli,most sidewalks don't have an actual name
1092618293,way,name,Largo Rio de Janeiro,most sidewalks don't have an actual name
1092618294,way,name,Largo Rio de Janeiro,most sidewalks don't have an actual name
1092619917,way,name,P.za Carlo Erba,most sidewalks don't have an actual name
1092621075,way,name,Via Golgi - Via Celoria,most sidewalks don't have an actual name
1092621076,way,name,Via Golgi Via Celoria,most sidewalks don't have an actual name
1092624012,way,name,Viale Romagna - Piazzale Piola,most sidewalks don't have an actual name
1092624667,way,name,Piazza Leonardo Da Vinci - Politecnico,most sidewalks don't have an actual name
1092625503,way,name,Piazza Leonardo Da Vinci - Politecnico,most sidewalks don't have an actual name
1092632818,way,name,Piola M2,most sidewalks don't have an actual name
1092632941,way,name,Piola M2,most sidewalks don't have an actual name
1092633795,way,name,Via Pacini Via Ponzio,most sidewalks don't have an actual name
1092633869,way,name,Via Pacini Via Ponzi,most sidewalks don't have an actual name
1092634347,way,name,Via Pacini Via Astolfo,most sidewalks don't have an actual name
1092634348,way,name,Via Pacini Via Astolfo,most sidewalks don't have an actual name
1092638629,way,name,Via Pecchio Viale Abruzzi,most sidewalks don't have an actual name
1092640010,way,name,Piazza Aspromonte,most sidewalks don't have an actual name
1092640139,way,name,P.za Aspromonte,most sidewalks don't have an actual name
1092641645,way,name,Viale Lombardia - Via Vallazze,most sidewalks don't have an actual name
1092641647,way,name,Viale Lombardia - Via Vallazze,most sidewalks don't have an actual name
1092642608,way,name,Piazza Gobetti,most sidewalks don't have an actual name
1092643778,way,name,Via Porpora Via Teodosio,most sidewalks don't have an actual name
1092643779,way,name,Via Porpora Via Teodosio,most sidewalks don't have an actual name
1092644474,way,name,Via Porpora Via Ampère,most sidewalks don't have an actual name
1092645629,way,name,Via Porpora Viale Lombardia,most sidewalks don't have an actual name
1092645630,way,name,Via Porpora Via Ampère,most sidewalks don't have an actual name
1092646561,way,name,Via Porpora - Via Lulli,most sidewalks don't have an actual name
1092646562,way,name,Via Porpora Viale Lombardia,most sidewalks don't have an actual name
1092647146,way,name,Via Porpora Via Lulli,most sidewalks don't have an actual name
1092649452,way,name,Loreto M1 M2,most sidewalks don't have an actual name
1092835796,way,name,Via Porpora - Via Lulli,most sidewalks don't have an actual name
1092835872,way,name,Via Lulli Via Costa,most sidewalks don't have an actual name
1092837090,way,name,Piazza Durante,most sidewalks don't have an actual name
1092837306,way,name,Piazza Durante,most sidewalks don't have an actual name
1092837724,way,name,Via Teodosio Via Casoretto,most sidewalks don't have an actual name
1092837934,way,name,Via Teodosio Via Casoretto,most sidewalks don't have an actual name
1092840158,way,name,Piazza Durante,most sidewalks don't have an actual name
1092845308,way,name,Piazza Durante,most sidewalks don't have an actual name
1092852856,way,name,Piazzale Loreto Via Padova,most sidewalks don't have an actual name
1092853725,way,name,Via Padova Via Pasteur,most sidewalks don't have an actual name
1092855021,way,name,Via Padova Via Pasteur,most sidewalks don't have an actual name
1092883572,way,name,Piazzale Loreto Viale Monza M1 M2,most sidewalks don't have an actual name
1092884645,way,name,Pasteur M1,most sidewalks don't have an actual name
1092887511,way,name,Pasteur M1,most sidewalks don't have an actual name
1092889656,way,name,Rovereto M1,most sidewalks don't have an actual name
1092889657,way,name,Rovereto M1,most sidewalks don't have an actual name
1092890173,way,name,Via Giacosa Via Crespi,most sidewalks don't have an actual name
1092903009,way,name,Via Ferrante Aporti Via Apulia,most sidewalks don't have an actual name
1093086450,way,name,Via Gioia - Via Cagliero,most sidewalks don't have an actual name
1093086982,way,name,Via Gioia Via Cagliero,most sidewalks don't have an actual name
1093094560,way,name,Via Gioia Via Tirano,most sidewalks don't have an actual name
1093137410,way,name,P.le Farina,most sidewalks don't have an actual name
1093141120,way,name,Piazzale Farina,most sidewalks don't have an actual name
1093143552,way,name,Via Abbazia Piazzale Istria,most sidewalks don't have an actual name
1093144839,way,name,Istria M5,most sidewalks don't have an actual name
1093169502,way,name,Via Imbonati Via Bovio,most sidewalks don't have an actual name
1093759686,way,name,V.le Serra Via Traiano,most sidewalks don't have an actual name
1093759688,way,name,Serra-Colonna,most sidewalks don't have an actual name
1093760262,way,name,Viale Certosa Viale Serra,most sidewalks don't have an actual name
1093803702,way,name,V.le Certosa V.le Serra,most sidewalks don't have an actual name
1093809712,way,name,Via Plana Via Monte Ceneri,most sidewalks don't have an actual name
1093810330,way,name,Via Bartolini Viale Monte Ceneri,most sidewalks don't have an actual name
1093813854,way,name,Via Bartolini Viale Monte Ceneri,most sidewalks don't have an actual name
1093822567,way,name,Via Mac Mahon Via Monte Ceneri,most sidewalks don't have an actual name
1094209492,way,name,Via Mac Mahon - Via Principe Eugenio,most sidewalks don't have an actual name
1094210780,way,name,Via Mac Mahon - Via Principe Eugenio,most sidewalks don't have an actual name
1098546891,way,name,Repetti M4,most sidewalks don't have an actual name
1098840223,way,name,Bonola M1,most sidewalks don't have an actual name
1098841024,way,name,Bonola M1,most sidewalks don't have an actual name
1100855006,way,name,Certosa,most sidewalks don't have an actual name
1103128475,way,name,Via Vincenzo da Seregno,most sidewalks don't have an actual name
1105472549,way,name,Via Pier Alessandro Paravia,most sidewalks don't have an actual name
1105811572,way,name,Cavalcavia Buccari,most sidewalks don't have an actual name
1115228995,way,name,Via Del Turchino Via Maspero,most sidewalks don't have an actual name
1115960402,way,name,Viale Faenza Piazza Miani,most sidewalks don't have an actual name
1115974449,way,name,Via Montegani Viale da Cermenate,most sidewalks don't have an actual name
1115974536,way,name,Via Montegani Viale da Cermenate,most sidewalks don't have an actual name
1115975149,way,name,Viale da Cermenate Via Volvinio,most sidewalks don't have an actual name
1115977261,way,name,Viale da Cermenate Via Lusitania,most sidewalks don't have an actual name
1115977262,way,name,Viale da Cermenate Via Volvinio,most sidewalks don't have an actual name
1115977634,way,name,Famagosta M2,most sidewalks don't have an actual name
1116003711,way,name,piazza Bilbao,most sidewalks don't have an actual name
1116003713,way,name,Piazza Bilbao,most sidewalks don't have an actual name
1116005911,way,name,Pezzotti,most sidewalks don't have an actual name
1116005912,way,name,Pezzotti,most sidewalks don't have an actual name
1116007951,way,name,Piazza Agrippa,most sidewalks don't have an actual name
1116007953,way,name,Agrippa,most sidewalks don't have an actual name
1116007956,way,name,Agrippa,most sidewalks don't have an actual name
1116011025,way,name,Volvinio,most sidewalks don't have an actual name
1116227371,way,name,Via Watt - Via Tosi,most sidewalks don't have an actual name
1116227372,way,name,Via Watt Via Tosi,most sidewalks don't have an actual name
1116227459,way,name,Via Watt - Piazza Ohm,most sidewalks don't have an actual name
1116227461,way,name,Via Watt - Piazza Ohm,most sidewalks don't have an actual name
1116233335,way,name,Via Ludovico il Moro Piazzale Negrelli,most sidewalks don't have an actual name
1116248622,way,name,Via Bazzi Via Fontanili,most sidewalks don't have an actual name
1116248624,way,name,Via Bazzi Via Fontanili,most sidewalks don't have an actual name
1116248865,way,name,Via Bazzi Via Biondelli,most sidewalks don't have an actual name
1116248868,way,name,Via Bazzi Via Biondelli,most sidewalks don't have an actual name
1116249884,way,name,Via Antonini Via Lampedusa,most sidewalks don't have an actual name
1116249885,way,name,Via Antonini Via Lampedusa,most sidewalks don't have an actual name
1116249886,way,name,Via Antonini - Via Lampedusa,most sidewalks don't have an actual name
1116249974,way,name,Via Antonini Via Verro,most sidewalks don't have an actual name
1116250032,way,name,Piazza Chiaradia,most sidewalks don't have an actual name
1116529388,way,name,Via Ripamonti Via Quaranta,most sidewalks don't have an actual name
1116529390,way,name,Via Ripamonti Via Quaranta,most sidewalks don't have an actual name
1116529392,way,name,Viale Ortles Via Condino,most sidewalks don't have an actual name
1116529394,way,name,Viale Ortles Via Condino,most sidewalks don't have an actual name
1116566617,way,name,Largo Isarco,most sidewalks don't have an actual name
1116896478,way,name,Via Bonfadini - Via Del Liri,most sidewalks don't have an actual name
1116896480,way,name,Via Bonfadini - Via Sordello,most sidewalks don't have an actual name
1116896482,way,name,Via Bonfandini Via Sordello,most sidewalks don't have an actual name
1116896484,way,name,Via Bonfandini Via Salomone,most sidewalks don't have an actual name
1116896485,way,name,Via Bonfadini - Via Salomone,most sidewalks don't have an actual name
1116896513,way,name,Via Salomone 21,most sidewalks don't have an actual name
1116897754,way,name,Via Bonfadini - Via del Liri,most sidewalks don't have an actual name
1116899442,way,name,Via Ungheria Via del Liri,most sidewalks don't have an actual name
1116901352,way,name,V.le Ungheria,most sidewalks don't have an actual name
1116910423,way,name,V.le Ungheria Via Salomone,most sidewalks don't have an actual name
1116911546,way,name,Via Monte Penice Via Pizzolbasso,most sidewalks don't have an actual name
1117196882,way,name,Viale Argonne,most sidewalks don't have an actual name
1118028192,way,name,Via Don Gervasini,most sidewalks don't have an actual name
1118885319,way,name,Via Senigallia,most sidewalks don't have an actual name
1121713932,way,name,Largo Mattei,most sidewalks don't have an actual name
1128357649,way,name,Via San Dionigi,most sidewalks don't have an actual name
1128429963,way,name,Via Imbriani Via Scalvini,most sidewalks don't have an actual name
1128433475,way,name,Via Varè,most sidewalks don't have an actual name
1128433734,way,name,Bausan,most sidewalks don't have an actual name
1128434548,way,name,Bovisa FN (Politecnico),most sidewalks don't have an actual name
1128447577,way,name,Via Pellegrino Rossi Via Grazioli,most sidewalks don't have an actual name
1128452764,way,name,Via Pellegrino Rossi Via Grazioli,most sidewalks don't have an actual name
1128464292,way,name,Bovisa (Politecnico),most sidewalks don't have an actual name
1128464294,way,name,Bovisa (Politecnico),most sidewalks don't have an actual name
1128541734,way,name,Via Pellegrino Rossi Via Armellini,most sidewalks don't have an actual name
1128594560,way,name,Affori Centro M3,most sidewalks don't have an actual name
1134762348,way,name,Via S. Venerio Via Medea,most sidewalks don't have an actual name
1135438559,way,name,Viale Sarca Via Chiese,most sidewalks don't have an actual name
1135748824,way,name,Istria M5,most sidewalks don't have an actual name
1137551106,way,name,Via Santa Sofia Via San Senatore,most sidewalks don't have an actual name
1144666890,way,name,Via Sant'Arialdo Via San Bernardo,most sidewalks don't have an actual name
1145076076,way,name,Monumentale M5,most sidewalks don't have an actual name
1148226677,way,name,Via Procaccini Via Lomazzo,most sidewalks don't have an actual name
1148440029,way,name,Viale Puglie,most sidewalks don't have an actual name
1148440031,way,name,Viale Puglie,most sidewalks don't have an actual name
1148442028,way,name,Piazzale Cuoco,most sidewalks don't have an actual name
1148442029,way,name,Piazzale Cuoco,most sidewalks don't have an actual name
1148443026,way,name,Piazzale Cuoco,most sidewalks don't have an actual name
1148443029,way,name,Piazzale Cuoco,most sidewalks don't have an actual name
1148443853,way,name,Viale Molise Via Cadibona,most sidewalks don't have an actual name
1148443854,way,name,Viale Molise Via Cadibona,most sidewalks don't have an actual name
1148446981,way,name,Via Tertulliano - Via Decembrio,most sidewalks don't have an actual name
1148446982,way,name,Via Tertulliano Via Lattanzio,most sidewalks don't have an actual name
1148453191,way,name,Viale Molise,most sidewalks don't have an actual name
1151963061,way,name,Loreto M1 M2,most sidewalks don't have an actual name
1151964176,way,name,Viale Romagna - Piazzale Piola,most sidewalks don't have an actual name
1151964920,way,name,Viale Romagna Piazzale Susa,most sidewalks don't have an actual name
1152004865,way,name,Via Ugo Bassi,most sidewalks don't have an actual name
1152893852,way,name,Ciclabile Pero - Molino Dorino,most sidewalks don't have an actual name
1152907280,way,name,Piazza Greco,most sidewalks don't have an actual name
1153984491,way,name,Ospedale San Carlo,most sidewalks don't have an actual name
1153992768,way,name,"Via Milly, 9",most sidewalks don't have an actual name
1153992770,way,name,"Via Milly, 9",most sidewalks don't have an actual name
1154282842,way,name,Via Viotti Via Bassini,most sidewalks don't have an actual name
1154283604,way,name,Fermata N° 12723,most sidewalks don't have an actual name
1154284734,way,name,Via Console Flaminio - Via Saccardo,most sidewalks don't have an actual name
1154286575,way,name,Via Pitteri Via Crespi,most sidewalks don't have an actual name
1154286971,way,name,Via Pitteri Via Tanzi,most sidewalks don't have an actual name
1154288215,way,name,Via Console Flaminio via dei Canzi,most sidewalks don't have an actual name
1154288680,way,name,Via Bistolfi Via San Faustino,most sidewalks don't have an actual name
1154455793,way,name,Piazza San Gerolamo,most sidewalks don't have an actual name
1154500882,way,name,Loreto M1 M2,most sidewalks don't have an actual name
1154500884,way,name,Loreto M1 M2,most sidewalks don't have an actual name
1154511089,way,name,Via Padova Via Bengasi,most sidewalks don't have an actual name
1154513650,way,name,Via Padova Via Don Orione,most sidewalks don't have an actual name
1154754956,way,name,Arena,most sidewalks don't have an actual name
1155983397,way,name,Largo Boccioni,most sidewalks don't have an actual name
1156001770,way,name,Via Fratelli Camillo e Giannino Antona Traversi,most sidewalks don't have an actual name
1156007704,way,name,Via Fratelli Camillo e Giannino Antona Traversi,most sidewalks don't have an actual name
1156575200,way,name,Piazza Gae Aulenti,most sidewalks don't have an actual name
1165419664,way,name,Piazza Duca d'Aosta,most sidewalks don't have an actual name
1165419665,way,name,Piazza Duca d'Aosta,most sidewalks don't have an actual name
1165419666,way,name,Piazza Duca d'Aosta,most sidewalks don't have an actual name
1173971559,way,name,Ca' Granda M5,most sidewalks don't have an actual name
1180104613,way,name,Viale Ortles Via Orobia,most sidewalks don't have an actual name
1182024267,way,name,Cavalcavia Buccari,most sidewalks don't have an actual name
1182024268,way,name,Cavalcavia Buccari,most sidewalks don't have an actual name
1183418698,way,name,Via Passo Rolle - Via Rombon,most sidewalks don't have an actual name
1184412398,way,name,via Senigallia,most sidewalks don't have an actual name
1184413048,way,name,via Pesaro via Oroboni,most sidewalks don't have an actual name
1185977162,way,name,Via de Pretis Via Mazzolari,most sidewalks don't have an actual name
1186695389,way,name,Via Mazzolari Via Campari,most sidewalks don't have an actual name
1186698078,way,name,Via Mazzolari Via Barona,most sidewalks don't have an actual name
1190130045,way,name,Lanza M2,most sidewalks don't have an actual name
1190137769,way,name,Piazzale Libia,most sidewalks don't have an actual name
1190138017,way,name,Piazzale Libia,most sidewalks don't have an actual name
1190138592,way,name,via Tiraboschi,most sidewalks don't have an actual name
1190138593,way,name,Via Tiraboschi,most sidewalks don't have an actual name
1190140513,way,name,Piazza Buozzi,most sidewalks don't have an actual name
1190140515,way,name,Piazza Buozzi,most sidewalks don't have an actual name
1190141138,way,name,Piazza Trento,most sidewalks don't have an actual name
1190170198,way,name,viale Ortles via Calabiana,most sidewalks don't have an actual name
1190170964,way,name,via Benaco via Vallarsa,most sidewalks don't have an actual name
1190178028,way,name,Via Primaticcio Viale Forze Armate,most sidewalks don't have an actual name
1190554806,way,name,Esculapio,most sidewalks don't have an actual name
1190558961,way,name,Sacro Cuore,most sidewalks don't have an actual name
1190559184,way,name,Litta Modignani Comasina,most sidewalks don't have an actual name
1190559724,way,name,Litta Modignani Comasina,most sidewalks don't have an actual name
1190563406,way,name,Comasina M3,most sidewalks don't have an actual name
1190563624,way,name,Comasina M3,most sidewalks don't have an actual name
1190564047,way,name,Via Novate,most sidewalks don't have an actual name
1190564048,way,name,Via Novate,most sidewalks don't have an actual name
1190606908,way,name,Via Ripamonti - Via dell'Assunta,most sidewalks don't have an actual name
1190608078,way,name,Viale Ortles Via Orobia,most sidewalks don't have an actual name
1190614237,way,name,Turro M1,most sidewalks don't have an actual name
1190619180,way,name,via Pirano,most sidewalks don't have an actual name
1191772662,way,name,Repetti M4,most sidewalks don't have an actual name
1191809372,way,name,Repetti M4,most sidewalks don't have an actual name
1191809373,way,name,Repetti M4,most sidewalks don't have an actual name
1191810277,way,name,Repetti M4,most sidewalks don't have an actual name
1195080703,way,name,Via Cozzi via E. De Marchi,most sidewalks don't have an actual name
1204844008,way,name,Stazione Garibaldi M2 M5,most sidewalks don't have an actual name
1204846565,way,name,Via Farini Via Ferrari,most sidewalks don't have an actual name
1204912318,way,name,Cimitero di Greco,most sidewalks don't have an actual name
1204918329,way,name,Via Breda Via Rucellai,most sidewalks don't have an actual name
1204928507,way,name,Viale Monza - Via Empedocle,most sidewalks don't have an actual name
1204929606,way,name,Viale Monza Via Empedocle,most sidewalks don't have an actual name
1205481697,way,name,Precotto,most sidewalks don't have an actual name
1205484354,way,name,Precotto M1,most sidewalks don't have an actual name
1205709514,way,name,Gorla,most sidewalks don't have an actual name
1205709933,way,name,Gorla M1,most sidewalks don't have an actual name
1205710412,way,name,Viale Monza Via Erodoto,most sidewalks don't have an actual name
1205714809,way,name,Via Iglesias 27,most sidewalks don't have an actual name
1205716660,way,name,Via Ponte Nuovo Via Biumi,most sidewalks don't have an actual name
1205716911,way,name,Via Ponte Nuovo Via Biumi,most sidewalks don't have an actual name
1205717552,way,name,Via Ponte Nuovo Via Biumi,most sidewalks don't have an actual name
1205733757,way,name,"Via Padova, 353",most sidewalks don't have an actual name
1205733885,way,name,"Via Padova, 353",most sidewalks don't have an actual name
1205736311,way,name,Padova Rizzoli,most sidewalks don't have an actual name
1205881063,way,name,Via Palmanova - Via Cesana,most sidewalks don't have an actual name
1205885723,way,name,via Padova via de la salle,most sidewalks don't have an actual name
1205885725,way,name,Via Padova Via de la salle,most sidewalks don't have an actual name
1205891086,way,name,Viale Padova Via Mamiani,most sidewalks don't have an actual name
1205898635,way,name,Via Valtorta Via Stamira d'Ancona,most sidewalks don't have an actual name
1205899163,way,name,Via Valtorta Via Stamira d'Ancona,most sidewalks don't have an actual name
1206846271,way,name,Via Carnia - Via Palmanova,most sidewalks don't have an actual name
1206865912,way,name,Via Carnia - Via Palmanova,most sidewalks don't have an actual name
1206868683,way,name,P.le Udine - Via Carnia,most sidewalks don't have an actual name
1206868972,way,name,Udine M2,most sidewalks don't have an actual name
1206869209,way,name,Udine,most sidewalks don't have an actual name
1206870250,way,name,Udine M2,most sidewalks don't have an actual name
1206870664,way,name,via Feltre via crescenzago,most sidewalks don't have an actual name
1206870665,way,name,via Feltre via crescenzago,most sidewalks don't have an actual name
1206872435,way,name,"Via Pisani Dossi, 26",most sidewalks don't have an actual name
1206872879,way,name,Via Pisani Dossi - Via Crescenzago,most sidewalks don't have an actual name
1206873078,way,name,Via Pisani Dossi - Via Crescenzago,most sidewalks don't have an actual name
1206874636,way,name,Via Crescenzago - Via Pisani Dossi,most sidewalks don't have an actual name
1206875278,way,name,Fermata Via Rombon Via Pini,most sidewalks don't have an actual name
1206878649,way,name,Quartiere Feltre,most sidewalks don't have an actual name
1206879350,way,name,Via Rambon - Via Passo Rolle,most sidewalks don't have an actual name
1206881537,way,name,Via Passo Rolle - Via Rombon,most sidewalks don't have an actual name
1206888027,way,name,Via Monfalcone - Via Sangro,most sidewalks don't have an actual name
1206888029,way,name,Via Monfalcone - Via Sangro,most sidewalks don't have an actual name
1206916471,way,name,Via Corelli Via Tucidide,most sidewalks don't have an actual name
1206916473,way,name,Via Corelli Via Tucidide,most sidewalks don't have an actual name
1207121574,way,name,Medeghino,most sidewalks don't have an actual name
1207121613,way,name,Maedeghino,most sidewalks don't have an actual name
1207124212,way,name,Abbiategrasso M2,most sidewalks don't have an actual name
1207124471,way,name,Abbiategrasso M2,most sidewalks don't have an actual name
1207124870,way,name,Piazza Abbiategrasso,most sidewalks don't have an actual name
1207124964,way,name,Abbiategrasso M2,most sidewalks don't have an actual name
1207187498,way,name,Via dei Missaglia Via Feraboli,most sidewalks don't have an actual name
1207200466,way,name,Piazza Abbiategrasso,most sidewalks don't have an actual name
1207375706,way,name,Piazzale Cimitero Maggiore,most sidewalks don't have an actual name
1207561451,way,name,Tremelloni-Tognazzi,most sidewalks don't have an actual name
1207712989,way,name,Viale Testi Via Santa Marcellina,most sidewalks don't have an actual name
1207750481,way,name,V.le Sarca Via Pianell,most sidewalks don't have an actual name
1207753650,way,name,Via Pianell Via Ugolini,most sidewalks don't have an actual name
1207755977,way,name,Via Cozzi - Via E. De Marchi,most sidewalks don't have an actual name
1207758240,way,name,Viale dell'Innovazione - Via Temolo,most sidewalks don't have an actual name
1207760720,way,name,Teatro Arcimboldi,most sidewalks don't have an actual name
1207760893,way,name,Teatro Arcimboldi,most sidewalks don't have an actual name
1208716215,way,name,Via Emanueli V.le Sarca,most sidewalks don't have an actual name
1208716481,way,name,Via Emanueli viale Sarca,most sidewalks don't have an actual name
1208716550,way,name,Fermata n 13607 V.le Sarca via La Farina,most sidewalks don't have an actual name
1208716588,way,name,V.le Sarca - Via La Farina,most sidewalks don't have an actual name
1208803015,way,name,Arcimboldi Ateneo Nuovo,most sidewalks don't have an actual name
1208803895,way,name,Università Bicocca,most sidewalks don't have an actual name
1208804973,way,name,Viale Sarca via San glicerio,most sidewalks don't have an actual name
1208805047,way,name,Viale Sarca via San glicerio,most sidewalks don't have an actual name
1208808238,way,name,Viale Sarca viale chiese,most sidewalks don't have an actual name
1208808536,way,name,V.le Sarca Via Chiese,most sidewalks don't have an actual name
1208808876,way,name,Viale Sarca Via Chiese,most sidewalks don't have an actual name
1208812542,way,name,Via Chiese - Viale Testi,most sidewalks don't have an actual name
1209003726,way,name,V.le Testi - V.le Rodi,most sidewalks don't have an actual name
1209003891,way,name,Bicocca M5,most sidewalks don't have an actual name
1209004928,way,name,V.le Suzzani - V.le Berbera,most sidewalks don't have an actual name
1209005012,way,name,V.le Suzzani - V.le Berbera,most sidewalks don't have an actual name
1209009148,way,name,VIA chiese Via Pirelli,most sidewalks don't have an actual name
1209023783,way,name,V.le Sarca Via Fumagalli,most sidewalks don't have an actual name
1209031526,way,name,Via Arganini Viale Suzzani,most sidewalks don't have an actual name
1209032040,way,name,V.le Suzzani V.le Esperia,most sidewalks don't have an actual name
1209033522,way,name,V.le Suzzani Via Da Bussero,most sidewalks don't have an actual name
1209033524,way,name,V.le Suzzani - Via Da Bussero,most sidewalks don't have an actual name
1209064992,way,name,Via Arganini 30,most sidewalks don't have an actual name
1209069164,way,name,Ospedale Maggiore (Niguarda),most sidewalks don't have an actual name
1209071027,way,name,Maciachini,most sidewalks don't have an actual name
1209076799,way,name,Via Livigno via Abba,most sidewalks don't have an actual name
1209100215,way,name,Via Ippocrate,most sidewalks don't have an actual name
1209102892,way,name,Ciccotti Affori M3,most sidewalks don't have an actual name
1209103769,way,name,via Ciccotti,most sidewalks don't have an actual name
1209104694,way,name,via Ciccotti,most sidewalks don't have an actual name
1209108975,way,name,Via Vincenzo da Seregno Via Astesani,most sidewalks don't have an actual name
1209339928,way,name,Via Alassio Via Cantoni,most sidewalks don't have an actual name
1209340034,way,name,Via Sapri,most sidewalks don't have an actual name
1209340134,way,name,Via Sapri,most sidewalks don't have an actual name
1209340388,way,name,Via Cefalonia,most sidewalks don't have an actual name
1209341026,way,name,Via Cefalonia,most sidewalks don't have an actual name
1209341466,way,name,Via Pareto,most sidewalks don't have an actual name
1209341467,way,name,Via Pareto,most sidewalks don't have an actual name
1209360187,way,name,Via Espinasse Via Palizzi,most sidewalks don't have an actual name
1209362012,way,name,Via Varesina - Via Palizzi,most sidewalks don't have an actual name
1209373196,way,name,Via Mac Mahon - Via Artieri,most sidewalks don't have an actual name
1209414890,way,name,Viale Espinasse - Via Nuvolone,most sidewalks don't have an actual name
1209683507,way,name,Via Gonin Via Giordani,most sidewalks don't have an actual name
1209683672,way,name,Via Gonin Via Giordani,most sidewalks don't have an actual name
1209697200,way,name,Via Faenza Via Campari,most sidewalks don't have an actual name
1209698123,way,name,Viale Faenza Via Taranto,most sidewalks don't have an actual name
1209703825,way,name,Via San Vigilio Via di Rudinì,most sidewalks don't have an actual name
1209704008,way,name,Via San Vigilio Via di Rudinì,most sidewalks don't have an actual name
1209708083,way,name,Via San Virgilio (Pronto Soccorso),most sidewalks don't have an actual name
1209708589,way,name,Via San Virgilio Via San Paolino,most sidewalks don't have an actual name
1209732828,way,name,Famagosta M2,most sidewalks don't have an actual name
1209732946,way,name,Famagosta M2,most sidewalks don't have an actual name
1209732948,way,name,Famagosta M2,most sidewalks don't have an actual name
1209734635,way,name,Piazza Miani,most sidewalks don't have an actual name
1209735392,way,name,Via Biella Via Modica,most sidewalks don't have an actual name
1209736079,way,name,Via Biella Via Binda,most sidewalks don't have an actual name
1210780310,way,name,Via Novara via cascina Bellaria,most sidewalks don't have an actual name
1210993079,way,name,Via Primaticcio Viale Forze Armate,most sidewalks don't have an actual name
1211224594,way,name,Via Facchinetti - Via Bellosio,most sidewalks don't have an actual name
1211224696,way,name,Via Facchinetti - Via Bellosio,most sidewalks don't have an actual name
1211249008,way,name,via Dalmazia via Zante,most sidewalks don't have an actual name
1211263778,way,name,Via Mecenate - Via Fantoli,most sidewalks don't have an actual name
1211769774,way,name,Via Rogoredo Via Monte Popera,most sidewalks don't have an actual name
1211769776,way,name,Via Rogoredo Via Monte Popera,most sidewalks don't have an actual name
1211770216,way,name,Via Monte Popera Via Monte Cengio,most sidewalks don't have an actual name
1211771760,way,name,Via Monte Peralba Via Rogoredo,most sidewalks don't have an actual name
1211772062,way,name,Via Monte Paralba Via Rogoredo,most sidewalks don't have an actual name
1211772961,way,name,Rogoredo M3,most sidewalks don't have an actual name
1211773190,way,name,Rogoredo M3,most sidewalks don't have an actual name
1211773665,way,name,16078,most sidewalks don't have an actual name
1211834013,way,name,Via Pizzolpasso - Via Manzù,most sidewalks don't have an actual name
1212455611,way,name,Via S. Mirocle Via S. Venerio,most sidewalks don't have an actual name
1212456030,way,name,Via S. Mirocle Via Pizzolpasso,most sidewalks don't have an actual name
1212457862,way,name,Via Manzù - Via Cascella,most sidewalks don't have an actual name
1212462049,way,name,Porto di Mare M3,most sidewalks don't have an actual name
1212504418,way,name,Largo Boccioni,most sidewalks don't have an actual name
1212978152,way,name,Bruzzano FN,most sidewalks don't have an actual name
1212980490,way,name,Bruzzano FM,most sidewalks don't have an actual name
1212980680,way,name,Via Morlotti via Senigallia,most sidewalks don't have an actual name
1212985229,way,name,Via Spadini,most sidewalks don't have an actual name
1212985797,way,name,Teano 21,most sidewalks don't have an actual name
1212987542,way,name,Quartiere Comasina,most sidewalks don't have an actual name
1214755700,way,name,Certosa,most sidewalks don't have an actual name
1214810339,way,name,Primaticcio M1,most sidewalks don't have an actual name
1214810519,way,name,Primaticcio M1,most sidewalks don't have an actual name
1215017799,way,name,V.le Andrea Doria,most sidewalks don't have an actual name
1215020751,way,name,P.le Loreto Via Pergolesi,most sidewalks don't have an actual name
1216793293,way,name,Via Celoria (Istituto Besta),most sidewalks don't have an actual name
1216797751,way,name,Via Console Flaminio Via dei Canzi,most sidewalks don't have an actual name
1217711171,way,name,Via Bassini - Via Ponzio,most sidewalks don't have an actual name
1217792371,way,name,Via Varesina - Via Mola,most sidewalks don't have an actual name
1217973366,way,name,Via Sant'Arialdo Via San Bernardo,most sidewalks don't have an actual name
1217974887,way,name,Abbazia di Chiaravalle,most sidewalks don't have an actual name
1217976058,way,name,Cimitero di Chiaravalle,most sidewalks don't have an actual name
1217976274,way,name,Cimitero di Chiaravalle,most sidewalks don't have an actual name
1217981152,way,name,Via Piazzetta Via Panigarola,most sidewalks don't have an actual name
1218042654,way,name,Via Sesto San Giovanni via Porto Corsini,most sidewalks don't have an actual name
1218042655,way,name,Via Sesto S.G.via Porto Corsini,most sidewalks don't have an actual name
1218514159,way,name,Stazione Lambrate M2,most sidewalks don't have an actual name
1218516183,way,name,16510,most sidewalks don't have an actual name
1218517501,way,name,Via Viotti Via Bassini,most sidewalks don't have an actual name
1218540092,way,name,Stazione Centrale M2 M3,most sidewalks don't have an actual name
1218540322,way,name,Stazione Centrale M2 M3,most sidewalks don't have an actual name
1218540940,way,name,Stazione Centrale M2 M3,most sidewalks don't have an actual name
1219963659,way,name,Arco della Pace,most sidewalks don't have an actual name
1240719444,way,name,Viale Suzzani - via Pianell,most sidewalks don't have an actual name
1240721035,way,name,Viale Suzzani - via Pianell,most sidewalks don't have an actual name
1240721236,way,name,V.le Testi Via Pianell,most sidewalks don't have an actual name
1240721363,way,name,Viale Testi Via Pianell,most sidewalks don't have an actual name
1240721530,way,name,Ca' Granda M5,most sidewalks don't have an actual name
1240721645,way,name,V.le Sarca Via Rabolini,most sidewalks don't have an actual name
1244545219,way,name,Argonne M4,most sidewalks don't have an actual name
1244856743,way,name,Via Antonini Via Lampedusa,most sidewalks don't have an actual name
1246948383,way,name,Montenapoleone M3,most sidewalks don't have an actual name
1262118488,way,name,Galleria Manzoni,most sidewalks don't have an actual name
1331650739,way,name,Via Imbriani Via Scalvini,most sidewalks don't have an actual name
1335062659,way,name,Via Felicita Morandi,most sidewalks don't have an actual name
1335062660,way,name,Via Felicita Morandi,most sidewalks don't have an actual name
1345260300,way,name,Piazza Sant'Ambrogio,most sidewalks don't have an actual name
1349608677,way,name,Via Farini - Via Ferrari,most sidewalks don't have an actual name
1349804710,way,name,Largo Mahler,most sidewalks don't have an actual name
1349804994,way,name,Largo Mahler,most sidewalks don't have an actual name
1349806429,way,name,Viale Tibaldi - Via Meda,most sidewalks don't have an actual name
1349841561,way,name,Corso Italia - Via Lusardi,most sidewalks don't have an actual name
1349843996,way,name,"Duomo (M1,M3)",most sidewalks don't have an actual name
1349849571,way,name,Largo D'Ancona,most sidewalks don't have an actual name
1350939390,way,name,Via Filzi-Via Pirelli,most sidewalks don't have an actual name
1350943822,way,name,Via Ripamonti - Viale Sabotino,most sidewalks don't have an actual name
1351211577,way,name,Via Mambretti,most sidewalks don't have an actual name
1351222844,way,name,Piazzale Santorre di Santarosa,most sidewalks don't have an actual name
1351577470,way,name,Via Mac Mahon - Via Caracciolo,most sidewalks don't have an actual name
1351577471,way,name,Via Mac Mahon - Via Caracciolo,most sidewalks don't have an actual name
1351584569,way,name,Via Arconati,most sidewalks don't have an actual name
1351851387,way,name,Via Ripamonti - Via Rutilia,most sidewalks don't have an actual name
1351856612,way,name,Via Ripamonti - Via Rutilia,most sidewalks don't have an actual name
1351906502,way,name,Via Ripamonti - Via Quaranta,most sidewalks don't have an actual name
1351906809,way,name,Via Ripamonti - Via Quaranta,most sidewalks don't have an actual name
1351907245,way,name,Via Ripamonti - Via dell'Assunta,most sidewalks don't have an actual name
1351909198,way,name,Via Ripamonti - Via Noto,most sidewalks don't have an actual name
1351909200,way,name,Via Ripamonti - Via Noto,most sidewalks don't have an actual name
1365068582,way,name,Piazza Duca d'Aosta,most sidewalks don't have an actual name
1382826239,way,name,Tremelloni-Gassman,most sidewalks don't have an actual name
1382826240,way,name,Tremelloni-Gassman,most sidewalks don't have an actual name
1382826241,way,name,Tremelloni-Tognazzi,most sidewalks don't have an actual name
1382826244,way,name,Adriano-Lussu,most sidewalks don't have an actual name
1382826245,way,name,Adriano-Lussu,most sidewalks don't have an actual name
1382826246,way,name,Adriano-Vipiteno,most sidewalks don't have an actual name
1382826247,way,name,Adriano-Vipiteno,most sidewalks don't have an actual name
1389327711,way,name,Tremelloni-Anassagora,most sidewalks don't have an actual name
1396702221,way,name,Largo Mattei,most sidewalks don't have an actual name
1396702223,way,name,Largo Mattei,most sidewalks don't have an actual name
1431099228,way,name,Viale Argonne,most sidewalks don't have an actual name
1448065487,way,name,Via Parma,most sidewalks don't have an actual name
1448065488,way,name,Via Parma,most sidewalks don't have an actual name
1448074667,way,name,Via Antonio Grossich,most sidewalks don't have an actual name
1448074668,way,name,Via Antonio Grossich,most sidewalks don't have an actual name
1448074669,way,name,Via Antonio Grossich,most sidewalks don't have an actual name
1448074670,way,name,Via Antonio Grossich,most sidewalks don't have an actual name
1510466471,way,name,Piazza Duca d'Aosta,most sidewalks don't have an actual name
1510466472,way,name,Piazza Duca d'Aosta,most sidewalks don't have an actual name
1510466473,way,name,Piazza Duca d'Aosta,most sidewalks don't have an actual name
1510466474,way,name,Piazza Duca d'Aosta,most sidewalks don't have an actual name
1510466475,way,name,Piazza Duca d'Aosta,most sidewalks don't have an actual name
1510466476,way,name,Piazza Duca d'Aosta,most sidewalks don't have an actual name
1510466477,way,name,Piazza Duca d'Aosta,most sidewalks don't have an actual name
1510466478,way,name,Piazza Duca d'Aosta,most sidewalks don't have an actual name
1510466479,way,name,Piazza Duca d'Aosta,most sidewalks don't have an actual name
